_id,mobileNumber,name,passWord,Status,RegDate,companyName,validitydate,proccesingMode
625e824726fbb68b0b5c9082,7600192375,Jaymin,adme@123,Paid,2022-15-4,Easovation,2022-8-11,Person_Count
625e824726fbb68b0b5c9083,9239895913,direct-dog,dire@923,paid,2022-4-10,Company0,2023-4-12,Person_Count
625e824726fbb68b0b5c9087,9446525781,district-empowerment,dist@944,paid,2022-4-10,Company1,2023-4-12,Person_Count
625e824726fbb68b0b5c908b,9223843631,dynamic-practice,dyna@922,paid,2022-4-10,Company2,2023-4-12,Person_Count
625e824726fbb68b0b5c9097,9137867779,lead-vector,lead@913,paid,2022-4-10,Company5,2023-4-12,Person_Count
625e824726fbb68b0b5c909b,9947636760,lead-ownership,lead@994,paid,2022-4-10,Company6,2023-4-12,Person_Count
625e824726fbb68b0b5c909f,9930417290,international-space,inte@993,paid,2022-4-10,Company7,2023-4-12,Person_Count
625e824726fbb68b0b5c90a3,9629048112,principal-scenario,prin@962,paid,2022-4-10,Company8,2023-4-12,Person_Count
625e824726fbb68b0b5c90a7,9211822518,forward-deliverable,forw@921,paid,2022-4-10,Company9,2023-4-12,Person_Count
625e824726fbb68b0b5c90ab,9686793828,product-idea,prod@968,paid,2022-4-10,Company10,2023-4-12,Person_Count
625e824726fbb68b0b5c90af,9667599020,chief-network,chie@966,paid,2022-4-10,Company11,2023-4-12,Person_Count
625e824726fbb68b0b5c90b3,9460432901,future-space,futu@946,paid,2022-4-10,Company12,2023-4-12,Person_Count
625e824726fbb68b0b5c90b7,9255940829,legacy-architecture,lega@925,paid,2022-4-10,Company13,2023-4-12,Person_Count
625e824726fbb68b0b5c90bb,9045114033,product-brass,prod@904,paid,2022-4-10,Company14,2023-4-12,Person_Count
625e824726fbb68b0b5c90bf,9394112120,customer-linkage,cust@939,paid,2022-4-10,Company15,2023-4-12,Person_Count
625e824726fbb68b0b5c90c3,9697425992,international-leadership,inte@969,paid,2022-4-10,Company16,2023-4-12,Person_Count
625e824726fbb68b0b5c90c7,9625867525,internal-synergy,inte@962,paid,2022-4-10,Company17,2023-4-12,Person_Count
625e824726fbb68b0b5c90cb,9738128414,principal-convergence,prin@973,paid,2022-4-10,Company18,2023-4-12,Person_Count
625e824726fbb68b0b5c90cf,9653799811,regional-deliverable,regi@965,paid,2022-4-10,Company19,2023-4-12,Person_Count
625e824726fbb68b0b5c90d3,9202127136,senior-experience,seni@920,paid,2022-4-10,Company20,2023-4-12,Person_Count
625e824726fbb68b0b5c90d7,9743071197,global-market,glob@974,paid,2022-4-10,Company21,2023-4-12,Person_Count
625e824726fbb68b0b5c90db,9476558997,global-learning,glob@947,paid,2022-4-10,Company22,2023-4-12,Person_Count
625e824726fbb68b0b5c90df,9163316195,lead-admin,lead@916,paid,2022-4-10,Company23,2023-4-12,Person_Count
625e824726fbb68b0b5c90e3,9931279306,global-ideation,glob@993,paid,2022-4-10,Company24,2023-4-12,Person_Count
625e824726fbb68b0b5c90e7,9888269803,direct-coopetition,dire@988,paid,2022-4-10,Company25,2023-4-12,Person_Count
625e824726fbb68b0b5c90eb,9268660107,corporate-baseline,corp@926,paid,2022-4-10,Company26,2023-4-12,Person_Count
625e824726fbb68b0b5c90ef,9682538248,direct-community,dire@968,paid,2022-4-10,Company27,2023-4-12,Person_Count
625e824726fbb68b0b5c90f3,9449027294,district-brass,dist@944,paid,2022-4-10,Company28,2023-4-12,Person_Count
625e824726fbb68b0b5c90f7,9828862254,future-improvement,futu@982,paid,2022-4-10,Company29,2023-4-12,Person_Count
625e824726fbb68b0b5c90fb,9867546579,district-schema,dist@986,paid,2022-4-10,Company30,2023-4-12,Person_Count
625e824726fbb68b0b5c90ff,9665870237,principal-availability,prin@966,paid,2022-4-10,Company31,2023-4-12,Person_Count
625e824726fbb68b0b5c9103,9932066199,regional-synergy,regi@993,paid,2022-4-10,Company32,2023-4-12,Person_Count
625e824726fbb68b0b5c9107,9825740155,district-scrub,dist@982,paid,2022-4-10,Company33,2023-4-12,Person_Count
625e824726fbb68b0b5c910b,9414986185,forward-benefit,forw@941,paid,2022-4-10,Company34,2023-4-12,Person_Count
625e824726fbb68b0b5c910f,9350571835,forward-skill,forw@935,paid,2022-4-10,Company35,2023-4-12,Person_Count
625e824726fbb68b0b5c9113,9054027497,product-experience,prod@905,paid,2022-4-10,Company36,2023-4-12,Person_Count
625e824726fbb68b0b5c9117,9552221316,principal-scenario,prin@955,paid,2022-4-10,Company37,2023-4-12,Person_Count
625e824726fbb68b0b5c911b,9854786859,investor-report,inve@985,paid,2022-4-10,Company38,2023-4-12,Person_Count
625e824726fbb68b0b5c911f,9146549987,dynamic-gatekeeper,dyna@914,paid,2022-4-10,Company39,2023-4-12,Person_Count
625e824726fbb68b0b5c9123,9978926913,regional-disconnect,regi@997,paid,2022-4-10,Company40,2023-4-12,Person_Count
625e824726fbb68b0b5c9127,9558722251,future-network,futu@955,paid,2022-4-10,Company41,2023-4-12,Person_Count
625e824726fbb68b0b5c912b,9674275584,customer-data,cust@967,paid,2022-4-10,Company42,2023-4-12,Person_Count
625e824726fbb68b0b5c912f,9690287874,chief-initiative,chie@969,paid,2022-4-10,Company43,2023-4-12,Person_Count
625e824726fbb68b0b5c9133,9028642652,future-strategy,futu@902,paid,2022-4-10,Company44,2023-4-12,Person_Count
625e824726fbb68b0b5c9137,9817640059,lead-sidebar,lead@981,paid,2022-4-10,Company45,2023-4-12,Person_Count
625e824726fbb68b0b5c913b,9127452851,district-value,dist@912,paid,2022-4-10,Company46,2023-4-12,Person_Count
625e824726fbb68b0b5c913f,9810375227,investor-data,inve@981,paid,2022-4-10,Company47,2023-4-12,Person_Count
625e824726fbb68b0b5c9143,9403568423,forward-infrastructure,forw@940,paid,2022-4-10,Company48,2023-4-12,Person_Count
625e824726fbb68b0b5c9147,9518334339,district-report,dist@951,paid,2022-4-10,Company49,2023-4-12,Person_Count
625e824726fbb68b0b5c914b,9642546715,lead-network,lead@964,paid,2022-4-10,Company50,2023-4-12,Person_Count
625e824726fbb68b0b5c914f,9813888017,human-relationship,huma@981,paid,2022-4-10,Company51,2023-4-12,Person_Count
625e824726fbb68b0b5c9153,9007159416,legacy-dialogue,lega@900,paid,2022-4-10,Company52,2023-4-12,Person_Count
625e824726fbb68b0b5c9157,9532307472,international-relationship,inte@953,paid,2022-4-10,Company53,2023-4-12,Person_Count
625e824726fbb68b0b5c915b,9129492561,corporate-experience,corp@912,paid,2022-4-10,Company54,2023-4-12,Person_Count
625e824726fbb68b0b5c915f,9914471352,investor-baseline,inve@991,paid,2022-4-10,Company55,2023-4-12,Person_Count
625e824726fbb68b0b5c9163,9544962624,forward-issue,forw@954,paid,2022-4-10,Company56,2023-4-12,Person_Count
625e824726fbb68b0b5c9167,9939651807,internal-learning,inte@993,paid,2022-4-10,Company57,2023-4-12,Person_Count
625e824726fbb68b0b5c916b,9854557429,dynamic-flunky,dyna@985,paid,2022-4-10,Company58,2023-4-12,Person_Count
625e824726fbb68b0b5c916f,9327770553,internal-imperative,inte@932,paid,2022-4-10,Company59,2023-4-12,Person_Count
625e824726fbb68b0b5c9173,9081673919,investor-flunky,inve@908,paid,2022-4-10,Company60,2023-4-12,Person_Count
625e824726fbb68b0b5c9177,9827375877,forward-improvement,forw@982,paid,2022-4-10,Company61,2023-4-12,Person_Count
625e824726fbb68b0b5c917b,9170046844,international-gatekeeper,inte@917,paid,2022-4-10,Company62,2023-4-12,Person_Count
625e824726fbb68b0b5c917f,9473828944,central-dialogue,cent@947,paid,2022-4-10,Company63,2023-4-12,Person_Count
625e824726fbb68b0b5c9183,9243267179,corporate-dialogue,corp@924,paid,2022-4-10,Company64,2023-4-12,Person_Count
625e824726fbb68b0b5c9187,9287379364,chief-shrink,chie@928,paid,2022-4-10,Company65,2023-4-12,Person_Count
625e824726fbb68b0b5c918b,9597770984,senior-brass,seni@959,paid,2022-4-10,Company66,2023-4-12,Person_Count
625e824726fbb68b0b5c918f,9363467104,investor-brass,inve@936,paid,2022-4-10,Company67,2023-4-12,Person_Count
625e824726fbb68b0b5c9193,9353571890,customer-relationship,cust@935,paid,2022-4-10,Company68,2023-4-12,Person_Count
625e824726fbb68b0b5c9197,9528682545,investor-skill,inve@952,paid,2022-4-10,Company69,2023-4-12,Person_Count
625e824726fbb68b0b5c919b,9666581973,forward-content,forw@966,paid,2022-4-10,Company70,2023-4-12,Person_Count
625e824726fbb68b0b5c919f,9217203110,central-procedure,cent@921,paid,2022-4-10,Company71,2023-4-12,Person_Count
625e824726fbb68b0b5c91a3,9129514377,forward-metrics,forw@912,paid,2022-4-10,Company72,2023-4-12,Person_Count
625e824726fbb68b0b5c91a7,9453858992,central-scrub,cent@945,paid,2022-4-10,Company73,2023-4-12,Person_Count
625e824726fbb68b0b5c91ab,9141374071,principal-mindshare,prin@914,paid,2022-4-10,Company74,2023-4-12,Person_Count
625e824726fbb68b0b5c91af,9748891297,human-functionality,huma@974,paid,2022-4-10,Company75,2023-4-12,Person_Count
625e824726fbb68b0b5c91b3,9826484167,regional-item,regi@982,paid,2022-4-10,Company76,2023-4-12,Person_Count
625e824726fbb68b0b5c91b7,9398590074,chief-hardball,chie@939,paid,2022-4-10,Company77,2023-4-12,Person_Count
625e824726fbb68b0b5c91bb,9870699148,internal-platform,inte@987,paid,2022-4-10,Company78,2023-4-12,Person_Count
625e824726fbb68b0b5c91bf,9964844594,customer-delta,cust@996,paid,2022-4-10,Company79,2023-4-12,Person_Count
625e824726fbb68b0b5c91c3,9035310787,national-service,nati@903,paid,2022-4-10,Company80,2023-4-12,Person_Count
625e824726fbb68b0b5c91c7,9666190381,forward-material,forw@966,paid,2022-4-10,Company81,2023-4-12,Person_Count
625e824726fbb68b0b5c91cb,9448775753,chief-deliverable,chie@944,paid,2022-4-10,Company82,2023-4-12,Person_Count
625e824726fbb68b0b5c91cf,9222309986,future-technology,futu@922,paid,2022-4-10,Company83,2023-4-12,Person_Count
625e824726fbb68b0b5c91d3,9794248966,product-experience,prod@979,paid,2022-4-10,Company84,2023-4-12,Person_Count
625e824726fbb68b0b5c91d7,9868323185,chief-empowerment,chie@986,paid,2022-4-10,Company85,2023-4-12,Person_Count
625e824726fbb68b0b5c91db,9650491962,product-availability,prod@965,paid,2022-4-10,Company86,2023-4-12,Person_Count
625e824726fbb68b0b5c91df,9299734702,direct-service,dire@929,paid,2022-4-10,Company87,2023-4-12,Person_Count
625e824826fbb68b0b5c91e3,9851494147,lead-scenario,lead@985,paid,2022-4-10,Company88,2023-4-12,Person_Count
625e824826fbb68b0b5c91e7,9127259016,central-source,cent@912,paid,2022-4-10,Company89,2023-4-12,Person_Count
625e824826fbb68b0b5c91eb,9494395368,future-creative,futu@949,paid,2022-4-10,Company90,2023-4-12,Person_Count
625e824826fbb68b0b5c91ef,9470754312,internal-delta,inte@947,paid,2022-4-10,Company91,2023-4-12,Person_Count
625e824826fbb68b0b5c91f3,9092314858,legacy-item,lega@909,paid,2022-4-10,Company92,2023-4-12,Person_Count
625e824826fbb68b0b5c91f7,9974939654,dynamic-potentiality,dyna@997,paid,2022-4-10,Company93,2023-4-12,Person_Count
625e824826fbb68b0b5c91fb,9906246653,customer-innovation,cust@990,paid,2022-4-10,Company94,2023-4-12,Person_Count
625e824826fbb68b0b5c91ff,9108912765,direct-skillset,dire@910,paid,2022-4-10,Company95,2023-4-12,Person_Count
625e824826fbb68b0b5c9203,9825157420,chief-infomediary,chie@982,paid,2022-4-10,Company96,2023-4-12,Person_Count
625e824826fbb68b0b5c9207,9473337538,district-imperative,dist@947,paid,2022-4-10,Company97,2023-4-12,Person_Count
625e824826fbb68b0b5c920b,9464948717,legacy-availability,lega@946,paid,2022-4-10,Company98,2023-4-12,Person_Count
625e824826fbb68b0b5c920f,9413110605,chief-result,chie@941,paid,2022-4-10,Company99,2023-4-12,Person_Count
